,Time,Message
0,3.0788788795471187,1
1,3.1360750198364262,1
2,3.194329023361206,1
3,3.250706911087036,1
4,3.308522939682007,1
5,3.3663759231567383,1
6,3.421441078186035,1
7,3.47904896736145,1
8,3.5390799045562744,1
9,3.5705389976501465,1
10,3.6252138614654537,1
11,3.7542898654937744,1
12,3.954240083694458,1
13,4.1545069217681885,1
14,4.354225873947144,1
15,4.554249048233032,1
16,4.754508972167969,1
17,4.954356908798218,1
18,5.154309034347534,1
19,5.354430913925171,1
20,5.554357051849365,1
21,5.754279851913452,1
22,5.95458197593689,1
23,6.154304027557372,1
24,6.3542630672454825,1
25,6.554777145385742,1
26,6.754350185394287,1
27,6.954262018203735,1
28,7.154569864273071,1
29,7.354353904724121,1
30,7.554416179656982,1
31,7.754608154296875,1
32,7.954334020614624,1
33,8.154392004013063,1
34,8.354568958282469,1
35,8.554428815841675,1
36,8.754384994506836,1
37,8.954613924026491,1
38,9.154392004013063,1
39,9.354380130767822,1
40,9.554826021194456,1
41,9.754403114318848,1
42,9.954447031021116,1
43,10.154613018035887,1
44,10.354391098022461,1
45,10.55455207824707,1
46,10.754706859588623,1
47,10.954421997070312,1
48,11.154446125030518,1
49,11.354661226272585,1
50,11.55446982383728,1
51,11.754533052444458,1
52,11.95470905303955,1
53,12.154433965682983,1
54,12.354469060897827,1
55,12.55477499961853,1
56,12.754507064819336,1
57,12.954437971115112,1
58,13.15477991104126,1
59,13.354482889175415,1
60,13.55466103553772,1
61,13.754757165908813,1
62,13.954526901245115,1
63,14.154627084732056,1
64,14.35470485687256,1
65,14.55451488494873,1
66,14.754557847976685,1
67,14.954848051071167,1
68,15.154519081115724,1
69,15.354556798934937,1
70,3.2044239044189453,1
71,3.2417020797729488,1
72,3.299414873123169,1
73,3.3645639419555664,1
74,3.442816972732544,1
75,3.5168848037719727,1
76,3.583611965179444,1
77,3.654485940933228,1
78,3.7202847003936768,1
79,3.784204006195069,6
80,3.849371671676636,6
81,3.9167850017547607,6
82,3.9855070114135738,6
83,4.165087938308717,6
84,4.365025997161865,6
85,4.564794063568115,6
86,4.76503586769104,6
87,4.964843988418579,6
88,5.164822816848755,5
89,5.3653008937835684,5
90,5.564786911010742,5
91,5.76485800743103,5
92,5.965106725692749,5
93,6.164860725402832,5
94,6.364811897277832,5
95,6.565211057662964,5
96,6.764854907989503,5
97,6.964948892593384,5
98,7.165189981460571,5
99,7.36485481262207,5
100,7.564840793609619,5
101,7.765214920043945,5
102,7.9648518562316895,5
103,8.165049076080322,5
104,8.36513876914978,5
105,8.564881086349487,5
106,8.764979839324951,5
107,8.965167045593262,5
108,9.164865970611572,5
109,9.364839792251589,5
110,9.565130949020388,5
111,9.764961004257204,5
112,9.96507000923157,5
113,10.165110826492311,5
114,10.364860773086546,5
115,10.565019130706787,5
116,10.765371084213257,5
117,10.965035915374756,5
118,11.164910078048706,5
119,11.365147113800047,5
120,11.564976930618286,5
121,11.765024900436401,5
122,11.965434074401855,5
123,12.165151834487915,5
124,12.365050077438354,5
125,12.56532073020935,5
126,12.765069007873535,5
127,12.964966773986815,5
128,13.165201902389526,5
129,13.36497402191162,5
130,13.564964056015015,5
131,13.765413999557495,5
132,13.96517276763916,5
133,14.165045976638794,5
134,14.365322828292847,4
135,14.565062761306764,5
136,14.765127897262573,5
137,14.965230941772461,252
138,15.165015935897827,252
139,15.365078926086426,252
140,15.565170764923096,252
141,15.765413045883179,252
142,15.965078830718994,252
143,16.165287733078006,252
144,16.365076780319214,252
145,16.565119981765747,252
146,16.76520276069641,252
147,16.965209007263187,252
148,17.16511607170105,252
149,17.365637063980106,252
150,17.565074920654293,252
151,17.765065908432007,252
152,17.965314865112305,252
153,18.16512489318848,252
154,18.365142822265625,252
155,18.565413951873783,252
156,18.765054941177368,252
157,18.96504783630371,252
158,19.165328979492188,252
159,19.365116119384766,252
160,19.565192937850952,6
161,19.765413999557488,11
162,19.96513700485229,252
163,20.165251970291138,11
164,20.365710020065308,12
165,20.56520104408264,12
166,20.765120983123783,252
167,20.965423107147213,252
168,21.165075778961178,252
169,21.365193843841556,252
170,21.56563711166382,252
171,21.76517605781555,252
172,21.965083837509155,252
173,22.165398836135864,14
174,22.365196943283078,252
175,22.565190076828003,252
176,22.765465021133426,252
177,22.96524882316589,252
178,23.165222883224487,252
179,23.36542797088623,252
180,23.565284013748172,252
181,23.76514983177185,15
182,23.965611934661865,15
183,24.1651828289032,15
184,24.365148782730106,15
185,24.565505027771,15
186,24.76517605781555,15
187,24.96528196334839,15
188,25.165504932403564,15
189,25.36524987220764,15
190,25.56520271301269,15
191,25.76545882225037,15
192,25.96554279327393,15
193,26.165278911590576,15
194,26.365605115890503,15
195,26.56526780128479,15
196,26.765316009521484,15
197,26.96564602851868,15
198,27.16526508331299,15
199,27.365408897399906,15
200,27.5655210018158,16
201,27.765395879745483,16
202,27.965439796447754,16
203,28.16552495956421,16
204,28.36538577079773,16
205,28.56535077095032,16
206,28.765603065490733,17
207,28.96529603004456,17
208,29.16560292243957,17
209,29.365607738494873,17
210,29.56532692909241,17
211,29.76530814170837,18
212,29.96557879447937,18
213,30.165308713912964,18
214,30.365408897399906,18
215,30.5655300617218,18
216,30.765270948410034,18
217,30.96527671813965,18
218,31.16549706459045,19
219,31.365372896194447,19
220,31.56532192230225,19
221,31.7655987739563,19
222,31.965368032455444,19
223,32.165372133255005,19
224,32.365579843521125,19
225,32.565347909927375,19
226,32.76531195640564,20
227,32.96602392196655,20
228,33.16535806655884,20
229,33.36540198326111,20
230,33.56561779975891,20
231,33.7654230594635,20
232,33.96538782119751,20
233,34.16556787490845,20
234,34.36538791656494,20
235,34.565343856811516,20
236,34.76556396484375,20
237,34.96543788909912,20
238,35.16549801826477,21
239,35.36558508872986,21
240,35.565406799316406,21
241,35.765476942062385,21
242,35.96563076972961,21
243,36.16550397872925,21
244,36.36540484428407,21
245,36.5656328201294,21
246,36.76544880867005,22
247,36.96555209159849,22
248,37.16563391685486,22
249,37.36550188064575,22
250,37.56554198265076,22
251,37.765701055526726,23
252,37.965487957000725,23
253,38.165414094924934,23
254,38.36568784713745,23
255,38.565506935119636,23
256,38.7655200958252,23
257,38.96578693389893,24
258,39.16552901268005,24
259,39.36543202400208,24
260,39.56569695472717,24
261,39.76548385620117,24
262,39.96569490432739,24
263,40.16574096679688,25
264,40.365506887435906,25
265,40.565514802932746,25
266,40.7657709121704,25
267,40.9655647277832,25
268,41.16552376747131,25
269,41.36573004722595,25
270,41.56553888320923,25
271,41.76550078392029,26
272,41.9658260345459,26
273,42.165558815002434,26
274,42.36557292938232,26
275,42.56583380699158,26
276,42.76556301116944,26
277,42.965536832809455,26
278,43.165810823440545,26
279,43.36557579040527,27
280,43.56564688682556,27
281,43.765790939331055,27
282,43.965780973434455,27
283,44.16561770439148,27
284,44.36584281921387,26
285,44.565769910812385,26
286,44.765559911727905,26
287,44.96578979492188,26
288,45.16571998596192,25
289,45.36570692062378,25
290,45.56582999229431,24
291,45.7656888961792,23
292,45.96570587158203,23
293,46.16589403152466,22
294,46.36565184593201,21
295,46.565821886062615,20
296,46.7659797668457,19
297,46.96563386917114,18
298,47.16564607620239,17
299,47.36589694023132,17
300,47.565613985061646,16
301,47.765618801116936,15
302,47.96594285964966,14
303,48.165663957595825,252
304,48.36569380760193,252
305,48.56592679023743,252
306,48.76565909385681,12
307,48.96565794944763,11
308,49.16591787338257,252
309,49.365679025650024,252
310,49.56585383415222,252
311,49.76594185829162,252
312,49.965651750564575,252
313,50.16565990447998,252
314,50.366023778915405,252
315,50.56584906578064,252
316,50.76569890975952,252
317,50.96586275100708,252
318,51.16570496559143,252
319,51.36572313308716,252
320,51.56612801551819,252
321,51.76569700241089,252
322,51.96574306488037,252
323,52.16592288017273,252
324,52.36574292182922,252
325,52.56579399108887,252
326,52.76601195335388,252
327,52.96575880050659,252
328,53.16577792167664,252
329,53.36597800254822,252
330,53.56581497192383,252
331,53.76572799682617,252
332,53.96619987487793,252
333,54.1658821105957,18
334,54.36577892303467,18
335,54.566004991531365,19
336,54.76594090461731,20
337,54.965786933898926,20
338,55.16597080230713,21
339,55.36579298973084,21
340,55.56581497192383,22
341,55.766086101531975,22
342,55.96578288078308,23
343,56.16580390930176,23
344,56.36603593826294,24
345,56.56591510772705,24
346,56.765809059143066,25
347,56.96626091003418,25
348,57.165825843811035,26
349,57.36588311195374,26
350,57.56610989570618,26
351,57.76588797569275,27
352,57.96585178375244,27
353,58.16617488861084,27
354,58.365810871124275,28
355,58.565871953964226,28
356,58.76629972457886,28
357,58.965906858444214,29
358,59.16594505310058,29
359,59.366044759750366,29
360,59.565903902053826,30
361,59.765915870666504,30
362,59.966104984283454,30
363,60.16588401794434,31
364,60.365940809249885,31
365,60.56611394882202,31
366,60.76591396331787,32
367,60.96589779853821,32
368,61.1661627292633,32
369,61.36590886116028,32
370,61.56594610214234,33
371,61.766188859939575,33
372,61.96605396270752,33
373,62.16615009307861,34
374,62.366206884384155,34
375,62.566035747528076,34
376,62.76589393615723,34
377,62.966246843338006,35
378,63.16597986221314,35
379,63.36600112915039,35
380,63.56625294685364,35
381,63.765951871871955,36
382,63.965969800949104,36
383,64.16628909111023,36
384,64.36598396301271,36
385,64.56594491004944,37
386,64.76617288589479,37
387,64.96594882011415,37
388,65.1660168170929,37
389,65.36620306968689,37
390,65.56601595878601,38
391,65.76609492301941,38
392,65.96626091003418,38
393,66.166198015213,38
394,66.36601281166078,38
395,66.56717205047607,38
396,66.7660219669342,39
397,66.96605587005615,39
398,67.16624689102173,39
399,67.3660478591919,39
400,67.56612491607666,39
401,67.76621985435486,39
402,67.96612286567688,39
403,68.16605877876282,39
404,68.36638402938843,39
405,68.56618380546571,38
406,68.76603984832764,38
407,68.96633005142212,38
408,69.16608500480653,38
409,69.36610698699951,38
410,69.56630086898804,38
411,69.76616191864014,38
412,69.96609878540039,38
413,70.16648101806639,38
414,70.36606884002686,38
415,70.56616806983949,38
416,70.76638102531433,38
417,70.9660699367523,38
418,71.16607689857483,38
419,71.3663101196289,38
420,71.5661060810089,38
421,71.76612281799315,38
422,71.96631693840027,38
423,72.16619896888733,38
424,72.36612081527709,38
425,72.56669688224792,38
426,72.766108751297,38
427,72.96621084213255,38
428,73.16633009910582,38
429,73.36609697341919,38
430,73.56618905067444,38
431,73.76658201217651,38
432,73.96617102622986,38
433,74.16616177558898,38
434,74.36640787124635,38
435,74.56623291969301,38
436,74.76617169380187,38
437,74.96654891967773,39
438,75.16619205474855,39
439,75.36615180969237,39
440,75.56652474403381,39
441,75.7662069797516,39
442,75.96616101264955,39
443,76.16650795936584,39
444,76.36625790596007,39
445,76.56620693206787,39
446,76.76650381088255,40
447,76.96623206138611,40
448,77.16627812385559,40
449,77.3664617538452,40
450,77.5661988258362,40
451,77.76623511314392,41
452,77.96650791168213,41
453,78.1662459373474,41
454,78.36625504493712,41
455,78.56666207313538,41
456,78.76625871658325,42
457,78.96624875068666,42
458,79.16689491271974,42
459,79.36625790596007,42
460,79.56637191772461,42
461,79.7664909362793,43
462,79.96627593040465,43
463,80.16661810874939,43
464,80.36658978462218,43
465,80.5665829181671,43
466,80.7663300037384,44
467,80.96655583381653,44
468,81.16635489463806,44
469,81.36630582809448,44
470,81.56652402877808,44
471,81.76628398895264,44
472,81.96632885932921,45
473,82.16658186912538,45
474,82.3662669658661,45
475,82.56649804115295,45
476,82.76655793190001,45
477,82.96636891365051,45
478,83.16636371612549,45
479,83.36664891242981,46
480,83.56633377075195,46
481,83.76630187034606,46
482,83.96668004989623,46
483,84.16635203361511,46
484,84.36631393432617,46
485,84.56683492660521,46
486,84.76643610000609,46
487,84.96635794639587,46
488,85.16674709320068,46
489,85.36635684967041,46
490,85.56636595726012,46
491,85.76657700538634,46
492,85.96635103225708,45
493,86.16635298728943,45
494,86.366614818573,45
495,86.56646180152893,45
496,86.76646399497986,45
497,86.96655678749084,45
498,87.16645693778992,44
499,87.36639595031738,44
500,87.56668305397034,44
501,87.76638984680176,43
502,87.9664900302887,43
503,88.16665387153625,43
504,88.36646485328674,42
505,88.56648898124695,42
506,88.76665210723877,42
507,88.96647691726685,41
508,89.16648888587952,41
509,89.36669898033142,40
510,89.56648683547974,40
511,89.76644706726074,39
512,89.96666288375854,39
513,90.16645693778992,38
514,90.36650681495668,37
515,90.5669858455658,37
516,90.76643991470335,36
517,90.96646690368652,36
518,91.16678190231323,35
519,91.36677503585815,34
520,91.56651306152344,33
521,91.76672291755676,33
522,91.96650004386902,32
523,92.16648387908936,31
524,92.36676383018494,30
525,92.56651902198792,30
526,92.76654982566832,29
527,92.967031955719,28
528,93.1665358543396,27
529,93.3667287826538,26
530,93.56686782836914,25
531,93.76657772064208,24
532,93.96652412414551,24
533,94.16684412956238,23
534,94.36660599708557,22
535,94.56654500961305,21
536,94.76682090759277,20
537,94.96651101112366,19
538,95.16661596298219,19
539,95.36691403388977,18
540,95.56672668457031,17
541,95.76659798622131,16
542,95.9668037891388,15
543,96.1665940284729,14
544,96.36656093597412,14
545,96.56693482398987,13
546,96.76669001579285,12
547,96.96656489372252,12
548,97.16690587997437,11
549,97.36665391921996,11
550,97.56668996810913,10
551,97.7670829296112,10
552,97.96669101715088,9
553,98.16676497459412,9
554,98.36687088012695,8
555,98.56674790382385,8
556,98.76667094230652,8
557,98.96691489219666,7
558,99.16660976409912,7
559,99.36671996116638,7
560,99.56695294380188,7
561,99.76672673225404,7
562,99.96671509742737,7
563,100.1669569015503,7
564,100.36667990684508,7
565,100.56670093536377,7
566,100.76692605018616,7
567,100.96670985221864,7
568,101.16666579246521,7
569,101.36688089370728,7
570,101.5668168067932,6
571,101.76676988601685,252
572,101.96698689460754,6
573,102.16672682762146,252
574,102.36679077148438,252
575,102.56700897216795,252
576,102.76680994033812,252
577,102.96675181388856,252
578,103.1669397354126,252
579,103.3666877746582,252
580,103.56682586669922,252
581,103.76690697669984,252
582,103.96675086021423,252
583,104.16680097579956,252
584,104.3669958114624,252
585,104.5667691230774,252
586,104.76685404777528,252
587,104.96697902679443,252
588,105.16672492027284,252
589,105.36683583259584,252
590,105.56706190109252,252
591,105.7668399810791,252
592,105.9667477607727,252
593,106.1670229434967,252
594,106.36680006980896,252
595,106.56679582595824,252
596,106.76700091362,11
597,106.96674990653992,12
598,107.16678690910341,12
599,107.36704993247986,12
600,107.56686091423036,13
601,107.76684689521791,13
602,107.96710586547852,14
603,108.16687679290771,14
604,108.36683678627014,15
605,108.56728601455687,15
606,108.7668809890747,15
607,108.96688294410706,16
608,109.16725087165831,16
609,109.36688995361328,16
610,109.56684994697572,16
611,109.76702570915222,17
612,109.96688771247864,17
613,110.1668860912323,17
614,110.36718583106995,17
615,110.56694078445436,17
616,110.76692080497742,17
617,110.96719574928284,18
618,111.1670548915863,18
619,111.3669490814209,18
620,111.56714582443236,18
621,111.76694703102112,18
622,111.9669098854065,18
623,112.16712784767151,18
624,112.36695384979248,18
625,112.56690287590028,18
626,112.76722812652588,18
627,112.96696186065674,18
628,113.16695380210876,18
629,113.36713695526123,18
630,113.56694078445436,18
631,113.76694798469543,18
632,113.96719789505005,18
633,114.16700482368469,18
634,114.36699891090393,18
635,114.56723690032959,18
636,114.76712107658386,18
637,114.9670078754425,18
638,115.16722702980042,18
639,115.36701583862305,18
640,115.56708288192749,18
641,115.76725482940674,19
642,115.96696376800536,19
643,116.1672067642212,19
644,116.36718678474426,20
645,116.56707286834715,20
646,116.7670440673828,21
647,116.96723985671996,21
648,117.1670560836792,22
649,117.36699390411377,22
650,117.56725788116456,23
651,117.7669837474823,23
652,117.967041015625,24
653,118.16727590560913,25
654,118.36712169647215,25
655,118.56709504127502,26
656,118.76757907867432,27
657,118.96707701683044,28
658,119.16710495948792,29
659,119.36743497848512,30
660,119.56712794303894,30
661,119.76705980300905,31
662,119.96726584434508,32
663,120.16713190078735,33
664,120.3670449256897,33
665,120.56737995147705,34
666,120.76723194122314,35
667,120.96705389022829,35
668,121.16783571243286,35
669,121.36711382865906,36
670,121.56710290908812,36
671,121.76759696006776,36
672,121.96709489822388,37
673,122.16707587242126,37
674,122.36759281158449,37
675,122.56712102890016,37
676,122.76716685295105,37
677,122.96748995780943,38
678,123.16721701622008,38
679,123.36714100837708,38
680,123.56741285324095,38
681,123.76723504066469,38
682,123.96710801124573,38
683,124.16740489006042,38
684,124.3671019077301,38
685,124.56720089912416,38
686,124.76747369766235,38
687,124.96727705001831,38
688,125.16720509529114,38
689,125.36744379997252,39
690,125.56714105606079,39
691,125.76721596717834,39
692,125.96737599372864,39
693,126.16714882850648,39
694,126.36721181869508,39
695,126.5674409866333,40
696,126.76717686653136,40
697,126.96716785430908,40
698,127.16755080223083,40
699,127.36722874641418,40
700,127.56727600097656,41
701,127.76751780509949,41
702,127.96722292900084,41
703,128.16731786727905,41
704,128.36758804321292,41
705,128.56723403930664,41
706,128.76723194122314,41
707,128.96762681007385,41
708,129.16736793518066,41
709,129.36739802360538,42
710,129.5675439834595,42
711,129.76733303070068,42
712,129.96739792823792,42
713,130.1675040721893,42
714,130.36722803115842,42
715,130.56740808486936,42
716,130.76751184463498,43
717,130.96728110313416,43
718,131.1673777103424,43
719,131.3676059246063,43
720,131.5673897266388,43
721,131.76732587814328,43
722,131.96761989593506,43
723,132.1673398017883,44
724,132.36733484268186,44
725,132.5675439834595,44
726,132.76732301712036,44
727,132.96731305122378,44
728,133.16763997077942,44
729,133.36745691299436,44
730,133.5673949718475,44
731,133.7675130367279,44
732,133.9673779010773,44
733,134.16740489006042,44
734,134.36764883995056,43
735,134.5673987865448,43
736,134.76734495162964,43
737,134.96759390830994,43
738,135.16746473312378,43
739,135.36735081672668,42
740,135.56759285926822,42
741,135.76742911338806,42
742,135.9674117565155,42
743,136.16766095161438,41
744,136.3674509525299,41
745,136.56745386123654,41
746,136.7676808834076,40
747,136.96748781204224,40
748,137.1674098968506,39
749,137.3676540851593,39
750,137.5674748420715,38
751,137.7674810886383,38
752,137.96768498420715,37
753,138.16752886772156,37
754,138.36741280555722,36
755,138.56774377822876,35
756,138.76745176315308,34
757,138.9675350189209,34
758,139.16762208938601,33
759,139.36747002601624,32
760,139.5675449371338,31
761,139.76765203475952,30
762,139.96754097938538,30
763,140.1675157546997,29
764,140.36774587631228,28
765,140.56747579574585,27
766,140.76748394966125,26
767,140.96783590316772,25
768,141.16750097274783,25
769,141.3674590587616,24
770,141.56776905059812,23
771,141.76754593849182,22
772,141.96755981445312,22
773,142.16768288612366,21
774,142.3675198554993,21
775,142.5675597190857,20
776,142.76781678199768,19
777,142.96750688552856,18
778,143.16760587692258,18
779,143.36800599098206,17
780,143.56754994392398,16
781,143.76752877235413,16
782,143.96790289878842,15
783,144.16762590408325,14
784,144.36755609512332,14
785,144.5678629875183,13
786,144.76759600639343,12
787,144.96761894226074,11
788,145.16790080070498,11
789,145.36773800849917,10
790,145.56762790679932,9
791,145.7678220272064,9
792,145.96766591072085,8
793,146.1676299571991,7
794,146.36782884597778,7
795,146.56761097908017,6
796,146.76766085624698,6
797,146.96783304214478,5
798,147.16767978668213,5
799,147.36775898933408,5
800,147.56795692443848,4
801,147.76765584945682,4
802,147.96760392189026,4
803,148.1678419113159,4
804,148.36768889427185,4
805,148.5677409172058,3
806,148.76794695854187,3
807,148.96770787239075,3
808,149.1678009033203,3
809,149.36790180206302,3
810,149.56768989562988,3
811,149.76766085624698,3
812,149.96789383888245,3
813,150.16764879226685,3
814,150.3677508831024,3
815,150.56810212135315,3
816,150.76775908470154,3
817,150.96773076057434,3
818,151.16801500320437,3
819,151.3677499294281,3
820,151.5676929950714,3
821,151.76803183555603,3
822,151.9677219390869,3
823,152.16781687736508,3
824,152.36793494224545,3
825,152.56777477264401,3
826,152.7677979469299,3
827,152.96801996231082,3
828,153.16780686378482,3
829,153.36775898933408,3
830,153.56828188896182,3
831,153.76798105239868,3
832,153.96775484085086,3
833,154.16798996925354,3
834,154.36779689788818,3
835,154.5677409172058,3
836,154.76796197891238,3
837,154.96781897544858,3
838,155.16778206825256,3
839,155.36807703971863,3
840,155.5677847862244,3
841,155.7679629325867,3
842,155.96805906295774,3
843,156.1678698062897,3
844,156.36785769462583,3
845,156.56799507141113,3
846,156.76782774925232,3
847,156.9678680896759,3
848,157.16801786422732,3
849,157.36785697937012,3
850,157.56793904304502,3
851,157.76848793029785,3
852,157.96820807456967,3
853,158.1678109169006,3
854,158.36833977699283,3
855,158.56809997558594,3
856,158.76800894737244,3
857,158.96835398674008,3
858,159.16806077957153,3
859,159.36794686317444,3
860,159.56831979751587,3
861,159.76799607276917,3
862,159.96789789199832,3
863,160.16829490661618,3
864,160.3679950237274,3
865,160.56795597076416,3
866,160.76840281486508,3
867,160.9679689407349,3
868,161.16800594329834,3
869,161.3682520389557,3
870,161.5679090023041,3
871,161.76796793937686,3
872,161.9682328701019,3
873,162.16792893409732,3
874,162.3679449558258,3
875,162.56817770004272,3
876,162.76803398132324,3
877,162.9679419994354,3
878,163.16827988624573,3
879,163.3679888248444,3
880,163.5680558681488,3
881,163.76862287521362,3
882,163.96795988082891,3
883,164.1681079864502,3
884,164.36816191673282,3
885,164.56797409057614,3
886,164.76809167861936,3
887,164.9682068824768,3
888,165.16806387901306,3
889,165.36808586120603,3
890,165.5682559013367,3
891,165.7683188915253,3
892,165.9681398868561,3
893,166.168536901474,3
894,166.36804485321042,3
895,166.56800889968872,3
896,166.76824188232422,3
897,166.9681918621063,3
898,167.1680998802185,3
899,167.36824274063108,3
900,167.56808996200564,3
901,167.76814293861392,3
902,167.96833086013794,3
903,168.16808700561526,3
904,168.36804795265198,3
905,168.56833291053772,3
906,168.76805591583255,3
907,168.9680700302124,3
908,169.16830396652222,3
909,169.36805701255795,3
910,169.56808590888974,3
911,169.76833391189575,3
912,169.96813106536862,3
913,170.16810989379886,3
914,170.36831402778625,3
915,170.56810092926025,3
916,170.7682180404663,3
917,170.96839594841003,3
918,171.16814899444583,3
919,171.36818194389343,3
920,171.5682988166809,3
921,171.76815676689145,3
922,171.96816182136536,3
923,172.16836380958557,3
924,172.36817407608032,3
925,172.56819605827332,3
926,172.76839995384216,3
927,172.9681499004364,3
928,173.16826581954956,3
929,173.3684320449829,3
930,173.56813192367554,3
931,173.76825785636902,3
932,173.9683768749237,3
933,174.1682050228119,3
934,174.36815977096558,3
935,174.56841588020325,3
936,174.7681519985199,3
937,174.9682469367981,3
938,175.16850399971008,3
939,175.36827778816223,3
940,175.5682008266449,3
941,175.7684919834137,3
942,175.9682719707489,3
943,176.16819286346438,3
944,176.36851978302002,3
945,176.5683078765869,3
946,176.76826691627502,3
947,176.96859312057495,3
948,177.16821503639218,3
949,177.36829590797424,3
950,177.56864500045776,3
951,177.7682831287384,3
952,177.96829414367676,3
953,178.16845297813416,3
954,178.3684279918671,3
955,178.56835079193115,3
956,178.7685649394989,3
957,178.96828198432922,3
958,179.16828203201294,3
959,179.368558883667,3
960,179.56837487220764,3
961,179.76841282844543,3
962,179.96851706504822,3
963,180.16833305358887,3
964,180.36845588684082,3
965,180.56856179237369,3
966,180.76843690872192,3
967,180.96834874153137,3
968,181.16865992546082,3
969,181.3684148788452,3
970,181.568434715271,3
971,181.7686760425568,3
972,181.96841597557068,3
973,182.16845107078552,3
974,182.36882400512687,3
975,182.5684220790863,3
976,182.76851081848145,3
977,182.96866703033447,3
978,183.1683759689331,3
979,183.36836194992063,3
980,183.5687017440796,3
981,183.7683937549591,3
982,183.968487739563,3
983,184.16856479644773,3
984,184.36848783493042,3
985,184.5685179233551,3
986,184.7687079906464,3
987,184.9684839248657,3
988,185.1684558391571,3
989,185.3686139583588,3
990,185.5684127807617,3
991,185.7684237957001,3
992,185.96889686584475,3
993,186.1684777736664,4
994,186.3684778213501,4
995,186.56890273094174,4
996,186.76846289634705,4
997,186.96851801872253,4
998,187.1687080860138,4
999,187.36852979660046,4
1000,187.56852912902832,5
1001,187.7686970233917,5
1002,187.96856904029846,5
1003,188.16854596138,6
1004,188.3686950206757,6
1005,188.56861686706543,7
1006,188.76856112480164,7
1007,188.96873497962952,8
1008,189.1685559749604,9
1009,189.36854076385498,9
1010,189.5689058303833,10
1011,189.76858472824097,10
1012,189.9687249660492,11
1013,190.16875314712524,11
1014,190.36857008934018,11
1015,190.56860589981082,12
1016,190.76878571510315,12
1017,190.96851873397827,13
1018,191.1685869693756,13
1019,191.36886596679688,13
1020,191.56860303878784,14
1021,191.76860880851746,14
1022,191.9688489437104,15
1023,192.1685938835144,15
1024,192.3687138557434,16
1025,192.56882977485657,16
1026,192.7686970233917,17
1027,192.96854186058044,17
1028,193.1688358783722,18
1029,193.3686068058014,19
1030,193.56857991218567,19
1031,193.76880884170532,20
1032,193.96868300437927,21
1033,194.16865611076355,21
1034,194.36905479431152,22
1035,194.5685739517212,23
1036,194.76864290237427,23
1037,194.96896505355838,24
1038,195.16864204406738,25
1039,195.36863088607788,25
1040,195.56892371177673,26
1041,195.76864504814148,27
1042,195.9686019420624,27
1043,196.16892004013062,28
1044,196.36919593811038,28
1045,196.56870079040527,29
1046,196.76907300949097,30
1047,196.9687328338623,30
1048,197.16866087913516,31
1049,197.36892199516296,32
1050,197.5686707496643,32
1051,197.7687849998474,33
1052,197.96906208992004,34
1053,198.16879296302795,34
1054,198.3688218593597,35
1055,198.56925392150882,36
1056,198.7687690258026,36
1057,198.9687967300415,37
1058,199.1690239906311,38
1059,199.36887907981875,39
1060,199.56873893737801,39
1061,199.7692620754242,40
1062,199.96877479553225,41
1063,200.16886687278748,41
1064,200.36902070045468,42
1065,200.56874680519104,43
1066,200.76888990402225,43
1067,200.96905279159543,44
1068,201.16882872581482,45
1069,201.36881709098816,45
1070,201.56915974617004,46
1071,201.7687928676605,46
1072,201.96875381469727,46
1073,202.1690349578857,47
1074,202.3687877655029,47
1075,202.5689120292664,47
1076,202.76904892921448,48
1077,202.9688699245453,48
1078,203.16913986206055,48
1079,203.36907386779785,48
1080,203.56884503364563,49
1081,203.7688238620758,49
1082,203.9690499305725,49
1083,204.1688590049744,49
1084,204.3690619468689,49
1085,204.56925296783447,50
1086,204.7688858509064,50
1087,204.96880388259888,50
1088,205.16914081573486,50
1089,205.368901014328,50
1090,205.56889200210568,50
1091,205.76916790008545,50
1092,205.96885704994202,50
1093,206.1688659191132,51
1094,206.3693628311157,51
1095,206.56888294219968,51
1096,206.76891994476318,51
1097,206.96910500526428,51
1098,207.16890287399292,51
1099,207.36889791488647,51
1100,207.56917190551758,51
1101,207.76889204978943,52
1102,207.9689929485321,52
1103,208.16945695877075,52
1104,208.3689649105072,52
1105,208.5689477920532,52
1106,208.7691719532013,52
1107,208.96901082992557,52
1108,209.1690669059753,53
1109,209.3692510128021,53
1110,209.5690360069275,53
1111,209.76896500587463,53
1112,209.96915984153748,53
1113,210.1690099239349,53
1114,210.3689730167389,53
1115,210.56916689872745,53
1116,210.76894688606262,53
1117,210.96896290779114,53
1118,211.16930198669442,53
1119,211.3690800666809,53
1120,211.56905007362369,53
1121,211.76929879188538,53
1122,211.96894884109497,53
1123,212.16902589797974,53
1124,212.3692510128021,53
1125,212.56898283958438,53
1126,212.7690680027008,52
1127,212.96925687789917,52
1128,213.1690490245819,52
1129,213.36900806427,52
1130,213.56937170028687,52
1131,213.76901292800903,52
1132,213.96899795532227,52
1133,214.16929507255557,52
1134,214.36905694007874,52
1135,214.56902074813843,52
1136,214.76926398277283,52
1137,214.9691298007965,52
1138,215.16914701461792,52
1139,215.3693559169769,52
1140,215.56909489631653,52
1141,215.76938891410828,52
1142,215.96924686431885,52
1143,216.1692099571228,52
1144,216.36909794807445,52
1145,216.56936383247373,52
1146,216.7690749168396,52
1147,216.96918296813962,52
1148,217.16932392120358,52
1149,217.36915802955627,52
1150,217.5690989494324,52
1151,217.7692699432373,52
1152,217.96910572052,52
1153,218.16916489601127,52
1154,218.3693628311157,52
1155,218.5690898895264,52
1156,218.7691099643708,52
1157,218.969388961792,52
1158,219.16911196708682,52
1159,219.36911296844482,52
1160,219.56939387321472,52
1161,219.7691719532013,52
1162,219.9691228866577,52
1163,220.1694538593292,252
1164,220.3691740036011,252
1165,220.56917905807487,252
1166,220.7695419788361,52
1167,220.9692010879517,52
1168,221.16923689842224,52
1169,221.3694109916687,52
1170,221.5692059993744,52
1171,221.7692267894745,52
1172,221.9693648815155,52
1173,222.16918897628784,52
1174,222.3692147731781,52
1175,222.56941986083984,52
1176,222.7691879272461,52
1177,222.96928000450126,52
1178,223.1694118976593,52
1179,223.3692779541016,52
1180,223.56930088996887,52
1181,223.76952385902405,52
1182,223.9692478179932,52
1183,224.1692488193512,52
1184,224.36944603919983,52
1185,224.56933498382568,52
1186,224.7692449092865,51
1187,224.9695107936859,51
1188,225.16931080818176,50
1189,225.3692877292633,50
1190,225.5696260929108,50
1191,225.76937103271484,49
1192,225.969331741333,48
1193,226.16956090927124,48
1194,226.3693699836731,47
1195,226.56954383850098,46
1196,226.769672870636,46
1197,226.9693129062653,45
1198,227.16937279701241,44
1199,227.36950397491447,43
1200,227.56938791275024,42
1201,227.76933693885803,41
1202,227.96965289115903,40
1203,228.1693458557129,39
1204,228.3694188594818,38
1205,228.56964588165283,37
1206,228.7693419456482,37
1207,228.96936273574832,36
1208,229.1696228981018,35
1209,229.36931490898132,34
1210,229.5693838596344,33
1211,229.76959896087646,32
1212,229.9693899154663,31
1213,230.16935014724731,31
1214,230.36978197097767,30
1215,230.56958103179932,29
1216,230.76951479911804,29
1217,230.97024607658386,28
1218,231.16951990127563,28
1219,231.36949706077576,27
1220,231.56963992118838,27
1221,231.7694697380066,27
1222,231.96948981285087,26
1223,232.1697108745575,26
1224,232.3694760799408,26
1225,232.56959295272827,25
1226,232.7697138786316,25
1227,232.96972489356997,25
1228,233.16954374313354,24
1229,233.36967182159424,24
1230,233.56942796707162,24
1231,233.7695069313049,23
1232,233.9696590900421,23
1233,234.16951084136963,23
1234,234.36951088905326,22
1235,234.5698039531708,22
1236,234.76949906349185,22
1237,234.96960592269897,21
1238,235.16984105110168,21
1239,235.3695731163025,21
1240,235.5694749355316,20
1241,235.76972484588626,20
1242,235.96954894065857,20
1243,236.16959404945374,20
1244,236.36979293823242,20
1245,236.56952476501462,19
1246,236.7695279121399,19
1247,236.9700348377228,19
1248,237.169517993927,19
1249,237.36960101127625,19
1250,237.5697219371796,19
1251,237.7695038318634,18
1252,237.96962785720825,18
1253,238.16974782943728,18
1254,238.36959600448608,18
1255,238.56956005096438,18
1256,238.7698268890381,18
1257,238.9696171283722,18
1258,239.16959404945374,18
1259,239.3698399066925,17
1260,239.56956100463867,17
1261,239.76957988739014,17
1262,239.96976184844968,17
1263,240.169646024704,17
1264,240.369637966156,17
1265,240.57020592689514,17
1266,240.7695767879486,17
1267,240.96960401535046,17
1268,241.1698338985443,17
1269,241.3696370124817,17
1270,241.5695960521698,17
1271,241.76988101005557,17
1272,241.96958780288696,18
1273,242.1696639060974,18
1274,242.3698449134827,18
1275,242.5697147846222,18
1276,242.7697069644928,18
1277,242.9698369503021,18
1278,243.1696479320526,18
1279,243.36964893341062,18
1280,243.5698788166046,18
1281,243.7697551250457,18
1282,243.96965193748474,18
1283,244.1698989868164,18
1284,244.36972999572757,18
1285,244.569659948349,18
1286,244.76989483833322,18
1287,244.96969890594482,19
1288,245.16971373558044,252
1289,245.36999082565308,252
1290,245.56968998909,252
1291,245.76973581314087,252
1292,245.9699900150299,252
1293,246.1697919368744,252
1294,246.36973476409912,20
1295,246.569983959198,20
1296,246.76981902122498,252
1297,246.969957113266,252
1298,247.16994190216062,252
1299,247.36986589431763,252
1300,247.5698947906494,252
1301,247.7699880599976,252
1302,247.9697229862213,252
1303,248.1697289943695,252
1304,248.36996388435364,252
1305,248.569760799408,252
1306,248.76984095573425,20
1307,248.97017192840576,20
1308,249.16980075836184,20
1309,249.36981892585754,20
1310,249.57014584541318,19
1311,249.76979875564567,19
1312,249.96980381011963,18
1313,250.1700520515442,18
1314,250.3699197769165,17
1315,250.56986212730408,17
1316,250.77017092704773,16
1317,250.96994972229004,16
1318,251.16987299919128,15
1319,251.3701159954071,14
1320,251.5698359012604,14
1321,251.76983380317688,13
1322,251.97011709213257,12
1323,252.1699559688568,12
1324,252.36981987953186,11
1325,252.57006192207336,10
1326,252.76991605758667,10
1327,252.96993398666385,9
1328,253.1703679561615,9
1329,253.3699259757996,8
1330,253.5699098110199,8
1331,253.7700960636139,7
1332,253.96989297866818,7
1333,254.16986680030826,6
1334,254.37020373344413,6
1335,254.56999278068542,6
1336,254.76994705200195,6
1337,254.9702019691468,5
1338,255.1700367927552,5
1339,255.36989879608157,5
1340,255.57015705108643,5
1341,255.76994395256042,5
1342,255.96993780136108,5
1343,256.170156955719,5
1344,256.36999273300165,5
1345,256.5699708461761,5
1346,256.77029490470886,5
1347,256.97002482414246,5
1348,257.1699800491333,5
1349,257.3701937198639,6
1350,257.5699598789215,6
1351,257.769990682602,6
1352,257.9701690673828,6
1353,258.1700530052185,6
1354,258.3700127601624,6
1355,258.57050275802607,6
1356,258.770034790039,6
1357,258.9700047969818,6
1358,259.17048287391657,7
1359,259.37001991271967,7
1360,259.56996989250183,7
1361,259.77049803733826,252
1362,259.97003483772284,252
1363,260.17001271247864,252
1364,260.37053084373474,252
1365,260.5701189041137,252
1366,260.77014803886414,252
1367,260.9704658985138,252
1368,261.17010188102716,252
1369,261.3700308799744,252
1370,261.57073283195496,252
1371,261.7700719833374,252
1372,261.97009491920466,252
1373,262.17056679725647,252
1374,262.3701229095459,252
1375,262.5700569152832,252
1376,262.770565032959,252
1377,262.9700930118561,252
1378,263.17031288146967,252
1379,263.37049388885504,252
1380,263.570301771164,252
1381,263.77039670944214,16
1382,263.9705638885498,16
1383,264.17034268379206,17
1384,264.37038397789,17
1385,264.5705180168152,18
1386,264.7703108787537,18
1387,264.97048997879034,18
1388,265.1708331108093,19
1389,265.3704607486725,19
1390,265.5702588558197,19
1391,265.7705078125,20
1392,265.97040605545044,20
1393,266.1703808307648,20
1394,266.370640039444,21
1395,266.5704140663147,21
1396,266.7702779769897,21
1397,266.970468044281,22
1398,267.17071890831,22
1399,267.37033009529114,22
1400,267.57059693336487,23
1401,267.77024292945856,23
1402,267.970274925232,23
1403,268.17053484916687,23
1404,268.3703317642212,24
1405,268.57034802436834,24
1406,268.77056193351746,24
1407,268.97034001350397,24
1408,269.170655965805,24
1409,269.3705577850342,24
1410,269.5704019069672,24
1411,269.77028608322144,25
1412,269.97052311897284,25
1413,270.1703720092773,25
1414,270.3703899383545,25
1415,270.57053780555725,25
1416,270.7702398300171,25
1417,270.97026777267456,25
1418,271.1708528995514,25
1419,271.3703200817108,25
1420,271.57030487060547,25
1421,271.77054786682135,25
1422,271.97030186653143,25
1423,272.1703028678894,25
1424,272.37046194076544,25
1425,272.5702979564667,25
1426,272.77043199539185,25
1427,272.9705369472504,25
1428,273.170462846756,25
1429,273.37037777900696,25
1430,273.570898771286,25
1431,273.77035474777216,25
1432,273.9703459739685,25
1433,274.170576095581,24
1434,274.37034106254583,24
1435,274.57033491134644,24
1436,274.77054786682135,24
1437,274.9703269004822,24
1438,275.1704397201538,24
1439,275.3705630302429,24
1440,275.5706348419189,24
1441,275.77037692070013,24
1442,275.97057390213007,24
1443,276.17045974731445,24
1444,276.37041592597956,24
1445,276.57066202163696,24
1446,276.7705268859863,24
1447,276.9704298973084,24
1448,277.1707580089569,24
1449,277.370414018631,24
1450,277.5705640316009,24
1451,277.77073502540594,23
1452,277.9704339504242,23
1453,278.17045092582697,23
1454,278.37070679664606,23
1455,278.57047176361084,23
1456,278.7704360485077,23
1457,278.9707629680633,23
1458,279.17055773735046,23
1459,279.37045979499817,23
1460,279.5709900856018,23
1461,279.7705399990082,22
1462,279.9705069065094,22
1463,280.1707587242126,22
1464,280.3706228733064,22
1465,280.57052993774414,22
1466,280.77072668075556,22
1467,280.97048687934875,22
1468,281.1706199645996,22
1469,281.3708109855652,22
1470,281.5706579685211,21
1471,281.7705709934234,21
1472,281.9708249568938,22
1473,282.17055892944336,22
1474,282.37057304382324,22
1475,282.57082104682917,22
1476,282.7705340385437,22
1477,282.9705257415772,22
1478,283.17085003852844,22
1479,283.3706469535828,22
1480,283.570650100708,22
1481,283.77074885368353,22
1482,283.97062993049616,22
1483,284.17058086395264,22
1484,284.3709716796875,22
1485,284.57057189941406,23
1486,284.77057886123663,23
1487,284.97112274169916,23
1488,285.1705620288849,23
1489,285.37056303024286,23
1490,285.571457862854,23
1491,285.77068090438837,23
1492,285.97064805030817,23
1493,286.17116093635565,23
1494,286.3706228733064,24
1495,286.57066392898565,24
1496,286.77112793922424,24
1497,286.97066783905035,24
1498,287.1706829071045,24
1499,287.37123799324036,24
1500,287.5706710815429,25
1501,287.77071404457087,25
1502,287.9712240695953,25
1503,288.17073702812195,25
1504,288.3706569671632,25
1505,288.57134199142456,25
1506,288.77130889892584,26
1507,288.97066211700434,26
1508,289.1711168289185,26
1509,289.37097787857056,26
1510,289.571044921875,26
1511,289.7714810371399,26
1512,289.9709548950196,26
1513,290.17099308967585,26
1514,290.37127184867865,26
1515,290.5712690353394,26
1516,290.77090692520136,26
1517,290.9712398052216,26
1518,291.1709270477295,26
1519,291.37093687057495,27
1520,291.57123804092413,27
1521,291.77091884613037,27
1522,291.9708840847016,27
1523,292.1711719036103,27
1524,292.3709180355072,27
1525,292.5709578990936,27
1526,292.771183013916,27
1527,292.9710569381714,28
1528,293.170923948288,28
1529,293.37120389938354,28
1530,293.5709359645844,28
1531,293.7708358764648,28
1532,293.97113585472107,28
1533,294.1709020137787,28
1534,294.37089776992804,28
1535,294.57123804092413,28
1536,294.77090787887573,28
1537,294.9708750247956,29
1538,295.17114496231085,29
1539,295.37087202072144,29
1540,295.5708930492401,29
1541,295.77107882499695,29
1542,295.9709308147431,29
1543,296.1708610057832,29
1544,296.3711168766022,28
1545,296.5708329677582,28
1546,296.77081990242004,28
1547,296.97113394737244,28
1548,297.1709568500519,27
1549,297.3708288669586,27
1550,297.5710408687592,26
1551,297.7708687782288,25
1552,297.970951795578,24
1553,298.1711547374725,23
1554,298.3709578514098,22
1555,298.57094073295593,21
1556,298.77116107940674,20
1557,298.97091698646545,19
1558,299.17095398902893,18
1559,299.37112903594965,17
1560,299.5708878040314,16
1561,299.77096009254456,14
1562,299.9711239337921,252
1563,300.17097687721247,252
1564,300.37099194526667,252
1565,300.57110595703125,252
1566,300.7709589004517,252
1567,300.97095394134516,252
1568,301.1712460517884,252
1569,301.3709506988525,252
1570,301.5709400177002,252
1571,301.77118682861334,252
1572,301.97099685668945,252
1573,302.17105603218084,252
1574,302.3713178634644,252
1575,302.57101297378534,252
1576,302.7711799144745,252
1577,302.97115492820734,252
1578,303.1710498332978,252
1579,303.3710188865662,252
1580,303.5712509155273,252
1581,303.7710628509521,252
1582,303.97103404998785,252
1583,304.17130088806147,252
1584,304.3710350990296,252
1585,304.5710239410401,252
1586,304.7711930274964,252
1587,304.97112488746643,13
1588,305.1710078716278,13
1589,305.37132406234736,14
1590,305.57109689712524,14
1591,305.7710881233216,14
1592,305.97128009796137,14
1593,306.17111587524414,14
1594,306.3711378574372,14
1595,306.5712790489197,14
1596,306.7710919380188,14
1597,306.97113990783686,14
1598,307.1715979576112,13
1599,307.37107586860657,13
1600,307.5711078643799,13
1601,307.7715697288513,13
1602,307.97111177444464,13
1603,308.17108178138733,13
1604,308.3714017868042,13
1605,308.5711719989777,13
1606,308.77112293243414,13
1607,308.9715690612793,13
1608,309.17114686965937,13
1609,309.3711438179016,13
1610,309.5713329315185,14
1611,309.7713451385498,14
1612,309.97118997573847,14
1613,310.1715228557587,14
1614,310.37121295928955,14
1615,310.57143902778625,14
1616,310.7714529037476,14
1617,310.9712519645692,14
1618,311.1711928844452,13
1619,311.3714299201965,13
1620,311.5712387561798,13
1621,311.7712938785553,13
1622,311.9714097976685,12
1623,312.1712338924408,12
1624,312.37128496170044,11
1625,312.57140970230097,11
1626,312.77120876312256,11
1627,312.97122693061834,10
1628,313.1714289188385,10
1629,313.37132310867315,9
1630,313.5712609291077,9
1631,313.7716059684753,8
1632,313.9711818695068,8
1633,314.17129492759705,7
1634,314.37141704559326,7
1635,314.57130098342896,6
1636,314.77127599716187,6
1637,314.97153973579407,6
1638,315.1713609695434,6
1639,315.3713037967682,6
1640,315.5715608596802,5
1641,315.77125501632685,5
1642,315.971275806427,5
1643,316.1716547012328,5
1644,316.3713119029999,5
1645,316.5713529586792,5
1646,316.7715849876404,5
1647,316.97136998176575,4
1648,317.1713418960572,4
1649,317.37159991264343,4
1650,317.5713760852814,3
1651,317.7713568210602,3
1652,317.97156381607056,3
1653,318.1714248657226,3
1654,318.3714799880981,3
1655,318.5714929103852,3
1656,318.7713928222656,3
1657,318.9713718891144,3
1658,319.17163681983953,3
1659,319.37142705917364,3
1660,319.57136297225946,3
1661,319.7715880870818,4
1662,319.97131586074835,4
1663,320.1714129447937,4
1664,320.3716149330138,4
1665,320.57145595550537,4
1666,320.7714250087738,5
1667,320.97155094146734,5
1668,321.17143273353577,5
1669,321.37135887146,6
1670,321.5715899467468,6
1671,321.7713880538941,6
1672,321.9714069366455,7
1673,322.17169499397284,7
1674,322.371367931366,8
1675,322.5713849067688,8
1676,322.7716739177704,9
1677,322.9714500904083,9
1678,323.1714007854462,9
1679,323.37166571617126,10
1680,323.5715298652649,10
1681,323.77148199081415,11
1682,323.9716529846192,11
1683,324.1715288162232,11
1684,324.3715329170227,12
1685,324.571622133255,12
1686,324.77151989936834,12
1687,324.97152876853943,12
1688,325.1717188358307,13
1689,325.3714258670807,13
1690,325.57150292396545,13
1691,325.77187800407415,14
1692,325.9714648723603,14
1693,326.17147994041443,14
1694,326.37176012992865,14
1695,326.5714709758758,15
1696,326.7715129852295,15
1697,326.9718289375305,15
1698,327.1715078353882,16
1699,327.3715901374817,16
1700,327.571968793869,16
1701,327.77155399322515,17
1702,327.9715549945832,17
1703,328.17200684547424,18
1704,328.37155079841614,18
1705,328.57155179977417,19
1706,328.7718088626862,19
1707,328.97153878211975,19
1708,329.17154979705816,20
1709,329.3718729019165,20
1710,329.57153391838074,21
1711,329.7715587615967,22
1712,329.97177290916443,22
1713,330.171569108963,23
1714,330.37166571617126,23
1715,330.57181692123413,24
1716,330.7715950012207,24
1717,330.97167301177984,24
1718,331.1719388961792,25
1719,331.37180685997015,25
1720,331.5716488361358,25
1721,331.77189898490906,26
1722,331.97171711921686,26
1723,332.171639919281,26
1724,332.3720538616181,27
1725,332.5716247558594,27
1726,332.7716319561005,27
1727,332.97191286087036,27
1728,333.17169713974,28
1729,333.37170982360834,28
1730,333.57206797599787,28
1731,333.7716698646545,28
1732,333.97171592712397,28
1733,334.1719720363617,29
1734,334.37164998054504,29
1735,334.57164001464844,29
1736,334.77187085151667,29
1737,334.9716539382934,29
1738,335.17193579673767,29
1739,335.37199687957764,29
1740,335.5717628002167,29
1741,335.77172708511347,29
1742,335.97204279899603,29
1743,336.1717569828033,29
1744,336.37184500694275,29
1745,336.57197785377497,29
1746,336.77175188064575,29
1747,336.97175073623663,29
1748,337.1720397472382,29
1749,337.37207174301153,29
1750,337.57172083854675,29
1751,337.7724769115448,29
1752,337.971736907959,29
1753,338.17204499244684,28
1754,338.3720118999481,28
1755,338.5717568397522,28
1756,338.77176189422613,28
1757,338.9720921516418,28
1758,339.1718609333038,28
1759,339.3718130588532,28
1760,339.572007894516,28
1761,339.77184081077576,28
1762,339.97176384925837,28
1763,340.172358751297,28
1764,340.37184405326843,28
1765,340.5718607902527,28
1766,340.7721159458161,27
1767,340.9718277454376,27
1768,341.1719288825989,27
1769,341.37204289436335,27
1770,341.5718140602112,27
1771,341.77181673049927,27
1772,341.97214508056635,26
1773,342.17189383506775,26
1774,342.3719568252564,26
1775,342.5722448825836,26
1776,342.77211689949036,26
1777,342.97188591957087,26
1778,343.1722588539124,26
1779,343.3719558715821,25
1780,343.5718359947205,25
1781,343.7722327709198,25
1782,343.9718658924103,25
1783,344.17195200920105,25
1784,344.37216091156006,24
1785,344.57190895080566,24
1786,344.7719888687134,24
1787,344.9722399711609,24
1788,345.17204189300537,23
1789,345.3719639778137,23
1790,345.5723659992218,23
1791,345.7719278335572,23
1792,345.97190499305725,22
1793,346.17223381996155,22
1794,346.3720529079437,22
1795,346.5719590187073,22
1796,346.7721948623657,22
1797,346.9719648361206,21
1798,347.17207384109497,21
1799,347.37229585647583,21
1800,347.5720338821411,21
1801,347.772047996521,21
1802,347.9723129272461,21
1803,348.1720187664032,21
1804,348.37201881408686,20
1805,348.5722539424896,20
1806,348.7719888687134,20
1807,348.97197890281683,20
1808,349.1722629070282,20
1809,349.37219882011414,20
1810,349.5721457004547,20
1811,349.77222180366516,19
1812,349.9721157550812,19
1813,350.17204189300537,19
1814,350.3724720478058,19
1815,350.57209277153015,19
1816,350.77205276489263,19
1817,350.9722759723664,19
1818,351.1721119880676,19
1819,351.3721067905426,19
1820,351.5722768306732,19
1821,351.7721450328827,19
1822,351.9721038341522,19
1823,352.1723220348358,19
1824,352.37225794792175,19
1825,352.57208800315857,19
1826,352.7725930213928,19
1827,352.97210788726807,19
1828,353.1721451282501,19
1829,353.37251591682434,19
1830,353.5722048282624,19
1831,353.7721860408783,19
1832,353.9723119735718,19
1833,354.17216396331787,19
1834,354.372190952301,19
1835,354.5723440647125,19
1836,354.77234816551214,19
1837,354.9721848964691,19
1838,355.1723928451538,19
1839,355.3721237182617,19
1840,355.57218194007874,19
1841,355.7724349498749,19
1842,355.9721999168396,19
1843,356.1721420288086,19
1844,356.37259197235113,19
1845,356.57217693328863,19
1846,356.772234916687,19
1847,356.97278690338135,19
1848,357.17226004600525,19
1849,357.37229204177856,19
1850,357.57245898246765,19
1851,357.7722189426422,18
1852,357.9722158908844,18
1853,358.1724908351898,18
1854,358.3722999095917,18
1855,358.5722589492798,18
1856,358.7724068164825,18
1857,358.97225284576416,18
1858,359.1722447872162,18
1859,359.37288188934326,18
1860,359.57226371765137,18
1861,359.77230882644653,18
1862,359.97242283821106,18
1863,360.1722478866577,17
1864,360.372358083725,17
1865,360.5726838111877,17
1866,360.7722747325897,17
1867,360.9723796844482,17
1868,361.1725099086762,17
1869,361.3723039627075,17
1870,361.5723049640656,17
1871,361.7725930213928,17
1872,361.97237491607666,16
1873,362.1722719669342,16
1874,362.37258291244507,16
1875,362.572429895401,16
1876,362.772341966629,16
1877,362.97257590293884,16
1878,363.17240285873413,16
1879,363.37242794036865,15
1880,363.572674036026,15
1881,363.77242493629456,15
1882,363.9724199771881,15
1883,364.17293572425837,15
1884,364.3724138736725,14
1885,364.5725109577179,14
1886,364.772579908371,14
1887,364.9724950790405,14
1888,365.1723470687866,14
1889,365.37259578704834,14
1890,365.5723948478699,14
1891,365.7725348472595,13
1892,365.9725568294525,13
1893,366.1727228164673,13
1894,366.37243390083313,13
1895,366.5727028846741,13
1896,366.7724437713623,13
1897,366.97241377830505,13
1898,367.1726288795471,13
1899,367.3724048137665,13
1900,367.5725259780884,13
1901,367.7725989818573,13
1902,367.9723870754242,14
1903,368.172590970993,14
1904,368.37268495559687,14
1905,368.5724787712097,14
1906,368.7726948261261,14
1907,368.9727289676666,15
1908,369.172513961792,15
1909,369.3724310398102,15
1910,369.57270073890686,15
1911,369.77252984046936,16
1912,369.9725148677826,16
1913,370.1726989746094,16
1914,370.3725600242615,17
1915,370.572497844696,17
1916,370.772787809372,17
1917,370.9724950790405,18
1918,371.17247891426086,18
1919,371.37272596359253,18
1920,371.57255387306213,18
1921,371.7725119590759,18
1922,371.97271704673767,18
1923,372.1726109981537,18
1924,372.3725309371948,18
1925,372.57294297218317,18
1926,372.7725188732147,18
1927,372.9725217819214,18
1928,373.1727819442749,18
1929,373.3726670742035,18
1930,373.57257103919983,18
1931,373.7727270126343,18
1932,373.9725947380066,17
1933,374.17256903648376,17
1934,374.3728768825531,17
1935,374.5725688934326,17
1936,374.7725999355316,17
1937,374.9728419780731,17
1938,375.17262291908264,17
1939,375.3725869655609,17
1940,375.5729551315308,17
1941,375.772609949112,17
1942,375.9726538658142,17
1943,376.17293095588684,17
1944,376.3726329803467,17
1945,376.5726797580719,16
1946,376.7729549407959,16
1947,376.9726428985596,16
1948,377.17275381088257,16
1949,377.3729157447815,16
1950,377.5726318359375,16
1951,377.77262783050537,16
1952,377.9728980064392,16
1953,378.17269587516785,16
1954,378.3727478981018,16
1955,378.5729398727417,16
1956,378.7726550102234,16
1957,378.972708940506,16
1958,379.17293190956116,16
1959,379.37279987335205,16
1960,379.57276797294617,16
1961,379.77290892601013,16
1962,379.972776889801,16
1963,380.1728060245514,16
1964,380.3729829788208,16
1965,380.5727989673615,17
1966,380.7728559970856,17
1967,380.97297978401184,252
1968,381.1727328300476,252
1969,381.37272596359253,252
1970,381.5730609893799,252
1971,381.7727108001709,252
1972,381.97278308868414,252
1973,382.17300486564636,252
1974,382.37276697158813,252
1975,382.5727877616882,252
1976,382.77304005622864,252
1977,382.9727747440338,252
1978,383.17276787757874,252
1979,383.373281955719,252
1980,383.5727767944336,252
1981,383.7727677822113,17
1982,383.97317790985113,17
1983,384.1728448867798,17
1984,384.37283182144165,17
1985,384.573105096817,16
1986,384.77281785011286,16
1987,384.9727747440338,16
1988,385.17301988601685,16
1989,385.372820854187,16
1990,385.57282280921936,16
1991,385.77302479743963,16
1992,385.97286891937256,16
1993,386.1728618144989,16
1994,386.37304496765137,16
1995,386.5728747844696,16
1996,386.77286076545715,16
1997,386.97307300567627,17
1998,387.1728811264038,17
1999,387.37295794487,17
2000,387.5730979442597,18
2001,387.7730679512024,18
2002,387.9729838371277,18
2003,388.1731407642365,19
2004,388.3729441165924,19
2005,388.5729928016663,19
2006,388.77312088012695,19
2007,388.9729697704315,20
2008,389.172975063324,20
2009,389.37313604354864,20
2010,389.57291889190674,21
2011,389.7730448246002,21
2012,389.97310090065,21
2013,390.1729469299317,22
2014,390.3729479312897,22
2015,390.573184967041,22
2016,390.7729458808899,22
2017,390.9730637073517,22
2018,391.173327922821,23
2019,391.37296676635737,23
2020,391.57304000854487,23
2021,391.77317905426025,23
2022,391.9730079174042,23
2023,392.1729888916016,23
2024,392.3732898235321,23
2025,392.5729959011078,23
2026,392.7729709148407,23
2027,392.97344493865967,23
2028,393.1730568408966,22
2029,393.3730709552765,22
2030,393.5732960700989,22
2031,393.77303075790405,22
2032,393.9730799198151,21
2033,394.17338585853577,21
2034,394.3731188774109,21
2035,394.5730350017548,20
2036,394.773277759552,20
2037,394.9730579853058,20
2038,395.1731197834015,19
2039,395.3744649887085,19
2040,395.5731539726257,18
2041,395.7731738090515,18
2042,395.9733967781067,17
2043,396.1731278896332,17
2044,396.373144865036,16
2045,396.5734267234802,16
2046,396.7731330394745,15
2047,396.97312784194946,14
2048,397.1733610630035,13
2049,397.37326192855835,13
2050,397.57314491271967,12
2051,397.7733678817749,11
2052,397.97311997413635,252
2053,398.1730799674988,252
2054,398.3732969760895,252
2055,398.5731749534607,252
2056,398.7732357978821,252
2057,398.9734671115875,252
2058,399.1731550693512,252
2059,399.37316393852234,252
2060,399.5733768939972,252
2061,399.7732288837433,252
2062,399.973222732544,252
2063,400.1735899448395,252
2064,400.3732168674469,252
2065,400.5732009410858,252
2066,400.77333974838257,252
2067,400.973207950592,252
2068,401.17318391799927,252
2069,401.3734519481659,252
2070,401.5732069015503,252
2071,401.7731947898865,252
2072,401.97347593307495,252
2073,402.17323899269104,252
2074,402.37337493896484,252
2075,402.57355213165283,252
2076,402.7732877731323,252
2077,402.9732358455658,252
2078,403.17374300956726,252
2079,403.373302936554,252
2080,403.57328605651855,252
2081,403.7734389305115,252
2082,403.9733538627625,252
2083,404.17339992523193,252
2084,404.3735179901123,252
2085,404.57334089279175,252
2086,404.77339792251587,15
2087,404.9735357761383,15
2088,405.1735520362854,15
2089,405.3733160495758,15
2090,405.5735929012298,15
2091,405.77334809303284,15
2092,405.973326921463,15
2093,406.1735978126526,15
2094,406.3733479976654,15
2095,406.573362827301,15
2096,406.77350997924805,15
2097,406.9732918739319,14
2098,407.1733949184418,14
2099,407.37482476234436,14
2100,407.573401927948,14
2101,407.77337288856506,14
2102,407.9735977649689,13
2103,408.1734850406647,13
2104,408.3733448982239,252
2105,408.57365489006037,252
2106,408.77332186698914,252
2107,408.9733669757843,252
2108,409.17367696762085,252
2109,409.37345695495605,252
2110,409.57339096069336,252
2111,409.773638010025,252
2112,409.97344183921814,252
2113,410.17344880104065,252
2114,410.3736670017242,252
2115,410.5734279155731,252
2116,410.773444890976,252
2117,410.9736649990082,252
2118,411.17338585853577,252
2119,411.3735740184784,252
2120,411.5735840797424,252
2121,411.77347493171686,252
2122,411.9735469818115,252
2123,412.17377400398254,252
2124,412.3735318183899,252
2125,412.5735168457031,252
2126,412.7736558914185,252
2127,412.97350788116455,252
2128,413.17350006103516,252
2129,413.3738389015198,252
2130,413.5734829902649,252
2131,413.7734858989716,252
2132,413.975163936615,252
2133,414.1735987663269,252
2134,414.3735899925232,252
2135,414.57447600364685,252
2136,414.7735867500305,252
2137,414.97354197502136,252
2138,415.17378783226013,252
2139,415.37353491783136,252
2140,415.5735409259796,252
2141,415.7739899158478,252
2142,415.9735007286072,252
2143,416.17351174354553,252
2144,416.37376594543457,252
2145,416.5735478401184,252
2146,416.773638010025,252
2147,416.97376775741577,252
2148,417.173565864563,252
2149,417.37355494499207,252
2150,417.57382893562317,252
2151,417.77353596687317,252
2152,417.973552942276,252
2153,418.173791885376,252
2154,418.37359976768494,252
2155,418.5736289024353,252
2156,418.7738480567932,252
2157,418.9736397266388,252
2158,419.1735978126526,252
2159,419.37384581565857,252
2160,419.5735957622528,252
2161,419.7736668586731,252
2162,419.97476387023926,252
2163,420.1736800670624,252
2164,420.3736689090729,252
2165,420.5738589763642,252
2166,420.77374291419983,252
2167,420.9737358093262,252
2168,421.17391777038574,252
2169,421.37366604804987,252
2170,421.5737569332123,252
2171,421.7738869190216,252
2172,421.9737198352814,252
2173,422.17370200157166,252
2174,422.3739697933197,252
2175,422.5737028121948,252
2176,422.7736828327179,252
2177,422.9738709926605,252
2178,423.17372369766235,252
2179,423.37370371818537,252
2180,423.57390093803406,252
2181,423.7737777233124,252
2182,423.9745519161224,252
2183,424.17393612861633,252
2184,424.3737587928772,252
2185,424.5738217830658,252
2186,424.7740678787232,252
2187,424.9737451076508,252
2188,425.1737179756165,252
2189,425.374027967453,252
2190,425.573744058609,252
2191,425.7738049030304,252
2192,425.9740629196167,252
2193,426.17377185821533,252
2194,426.373822927475,252
2195,426.5741460323334,252
2196,426.7738058567047,252
2197,426.9738841056824,252
2198,427.1744339466095,252
2199,427.3739759922028,1
2200,427.5739870071411,1
2201,427.774249792099,1
2202,427.973797082901,1
2203,428.1738090515137,1
2204,428.3746190071106,1
2205,428.57396602630615,1
2206,428.7739279270172,1
2207,428.9744749069214,1
2208,429.1739068031311,1
2209,429.3738989830017,1
2210,429.57597398757935,1
2211,429.77389192581177,1
2212,429.9738709926605,1
2213,430.1740918159485,1
2214,430.3738889694214,1
2215,430.5738418102264,1
2216,430.7742040157318,1
2217,430.97401905059814,1
2218,431.173969745636,2
2219,431.3745608329773,2
2220,431.57415294647217,2
2221,431.7739288806915,2
2222,431.9743421077728,2
2223,432.173996925354,2
2224,432.3740110397339,2
2225,432.574296951294,3
2226,432.7739679813385,3
2227,432.9739370346069,3
